<?xml version="1.0" encoding="UTF-8"?>
<project-private xmlns="http://www.netbeans.org/ns/project-private/1">
    <editor-bookmarks xmlns="http://www.netbeans.org/ns/editor-bookmarks/2" lastBookmarkId="0"/>
    <open-files xmlns="http://www.netbeans.org/ns/projectui-open-files/2">
        <group>
            <file>file:/C:/Users/Payal/OneDrive/Desktop/Nikhils_homepage_signuppage_ambulance/src/ambulance/system/Pharmaa.java</file>
            <file>file:/C:/Users/Payal/OneDrive/Desktop/Nikhils_homepage_signuppage_ambulance/src/ambulance/system/Stafff.java</file>
            <file>file:/C:/Users/Payal/OneDrive/Desktop/Nikhils_homepage_signuppage_ambulance/src/ambulance/system/AmbulanceSystem.java</file>
            <file>file:/C:/Users/Payal/OneDrive/Desktop/Nikhils_homepage_signuppage_ambulance/src/ambulance/system/imresizer-1722352838377-removebg-preview.png</file>
            <file>file:/C:/Users/Payal/OneDrive/Desktop/Nikhils_homepage_signuppage_ambulance/src/ambulance/system/DBConnection.java</file>
            <file>file:/C:/Users/Payal/OneDrive/Desktop/Nikhils_homepage_signuppage_ambulance/src/ambulance/system/medicinegui.java</file>
            <file>file:/C:/Users/Payal/OneDrive/Desktop/Nikhils_homepage_signuppage_ambulance/src/ambulance/system/hospitallaboratory.java</file>
            <file>file:/C:/Users/Payal/OneDrive/Desktop/Nikhils_homepage_signuppage_ambulance/src/ambulance/system/SignUpForm.java</file>
        </group>
    </open-files>
</project-private>
